{
  "sneakers": [
    {
      "name": "jordan 1",
      "id": 1,
      "image_url": "https://encrypted-tbn0.gstatic.com/images?q=tbn:ANd9GcRb9wAOGW6pbdvuwIYFzg3pWMEI9Gm01K4bBA&s",
      "price": 8000
       
    },
    {
      "name": "jordan 2",
      "id": 2,
      "image_url": "https://images.stockx.com/images/Air-Jordan-2-Retro-Chicago-2022-Product.jpg",
      "price": 8000
    },
    {
      "name": "jordan 3",
      "id": 3,
      "image_url": "https://images.stockx.com/images/Air-Jordan-3-Retro-White-Cement-Reimagined-Product.jpg",
      "price": 8000
    },
    {
      "name": "jordan 4",
      "id": 4,
      "image_url": "https://encrypted-tbn0.gstatic.com/images?q=tbn:ANd9GcSD0vg4dD7a9grLr1jGCY4-LY0h3QJi9iQdsQ&s",
      "price": 8000
    },
    {
      "name": "jordan 5",
      "id": 5,
      "image_url": "https://encrypted-tbn0.gstatic.com/images?q=tbn:ANd9GcT47EDXMzt7WSGQdyT7Xa_55IYq1hHhnlYo7A&s",
      "price": 8000
    },
    {
      "name": "jordan 6",
      "id": 6,
      "image_url": "https://encrypted-tbn0.gstatic.com/images?q=tbn:ANd9GcS62x7c8RsJBf4w1lpVycBVIe3el_YPk_pR2Q&s",
      "price": 8000
    },
    {
      "name": "jordan 7",
      "id": 7,
      "image_url": "https://images.stockx.com/images/Air-Jordan-7-Retro-Cardinal-2022-Product.jpg",
      "price": 8000
    },
    {
      "name": "jordan 8",
      "id": 8,
      "image_url": "https://encrypted-tbn0.gstatic.com/images?q=tbn:ANd9GcQchQrsfExmCjtJFnq6gF2wfYwzM0sJjY9x3g&s",
      "price": 8000
    },
    {
      "name": "jordan 9",
      "id": 9,
      "image_url": "https://encrypted-tbn0.gstatic.com/images?q=tbn:ANd9GcQ-t20c8Y5uAtjzw-fz_w-0CazDhOkU2KElFQ&s",
      "price": 8000
    },
    {
      "name": "puma MB.02",
      "id": 10,
      "image_url": "https://images.puma.com/image/upload/f_auto,q_auto,b_rgb:fafafa,w_450,h_450/global/376442/01/sv01/fnd/PHL/fmt/png",
      "price": 8000
    },
    {
      "name": "puma mens suede",
      "id": 11,
      "image_url": "https://m.media-amazon.com/images/I/51vXYWPGoUL._AC_SY500_.jpg",
      "price": 8000
    },
    {
      "name": "Nike Kyrie Low 4",
      "id": 12,
      "image_url": "https://encrypted-tbn0.gstatic.com/images?q=tbn:ANd9GcQJ8f_EcTwnAHWcISu36NNDBDYy7xiC-Nu2-A&s",
      "price": 8000
    },
    {
      "name": "Nike KYRIE 6 Preheat",
      "id": 13,
      "image_url": "https://encrypted-tbn0.gstatic.com/images?q=tbn:ANd9GcRvYt18RuMqHAtZisBjMJYMzNuu1u9wrcWpkg&s",
      "price": 8000
    },
    {
      "name": "Nike LeBron 19",
      "id": 14,
      "image_url": "https://sp-ao.shortpixel.ai/client/to_auto,q_glossy,ret_img,w_1536/https://boardroom.tv/wp-content/uploads/2021/06/NikeNews_SpaceJam_NewLegacy_Footwear_Apparel_09_102642-e1623117875397-1536x960.jpg",
      "price": 8000
    },
    {
      "name": "Versace Sneakers",
      "id": 15,
      "image_url": "https://storage.googleapis.com/urbantreks/products/versace-sneakers.webp",
      "price": 8000
    },
    {
      "name": "Nike Air MAG",
      "id": 16,
      "image_url": "https://static.standard.co.uk/s3fs-public/thumbnails/image/2019/04/08/11/nikemagbacktothefuture.jpg?quality=75&auto=webp&width=640",
      "price": 10752509
    },
    {
      "name": "Nike Kobe 6 'Reverse Grinch'",
      "id": 17,
      "image_url": "https://www.si.com/.image/ar_16:9%2Cc_fill%2Ccs_srgb%2Cfl_progressive%2Cg_xy_center%2Cq_auto:good%2Cw_620%2Cx_1697%2Cy_1590/MTk5MDE2MzcxNTA0MjkzNjQ5/kobe-reverse-grinch.jpg",
      "price": 8000
    },
    {
      "name": "Nike Kobe 8 ",
      "id": 18,
      "image_url": "https://b2455589.smushcdn.com/2455589/wp-content/uploads/2024/02/kobe-8-protro-court-purple-sneakers-5-1260x1260.webp?lossy=0&strip=1&webp=1",
      "price": 8000
    },
    {
      "name": "Harden Volume 8",
      "id": 19,
      "image_url": "https://assets.adidas.com/images/h_840,f_auto,q_auto,fl_lossy,c_fill,g_auto/10625af469234bc39c5d72f2c0f07120_9366/Harden_Volume_8_Shoes_White_IE2695_04_standard.jpg",
      "price": 8000
    },
    {
      "name": "Anthony Edwards 1",
      "id": 20,
      "image_url": "https://assets.adidas.com/images/h_840,f_auto,q_auto,fl_lossy,c_fill,g_auto/cf6b93ec26ac4d32bb5f1440cb320269_9366/Anthony_Edwards_1_Lucid_Lime_Low_Basketball_Shoes_Green_JI4065_01_00_standard.jpg",
      "price": 8000
    },
    {
      "name": "Samba OG ",
      "id": 21,
      "image_url": "https://assets.adidas.com/images/h_840,f_auto,q_auto,fl_lossy,c_fill,g_auto/3bbecbdf584e40398446a8bf0117cf62_9366/Samba_OG_Shoes_White_B75806_01_standard.jpg",
      "price": 8000
    }
  ]
}